cif_id,regression_logits,regression_labels
fee+N254+E185,0.94677734375,1.0
mok+N109+E146,0.90869140625,1.0
mrc+N568+N190+E116+E77,1.0390625,1.0
msp+N624+E8,0.77001953125,1.0
sml+N696+E182,1.140625,1.0
ukg+N387+E203,0.931640625,1.0
vmk+N489+E8,0.56884765625,1.0
vna+N650+E120,1.212890625,1.0
zzz+N96+N373+E34,1.078125,1.0
